Workbook

Sheet 使用说明
A1: New Player Hunter 内容人工提交模板
A2: 中文必填，英文可暂时留空。不要修改工作表名、列名、列顺序和枚举拼写。
A4: 提交文件名 | B4: NewPlayerHunter_Content_Batch_<批次名>_<YYYYMMDD>.xlsx
A5: 填写起始行 | B5: 每张内容表第 5 行是示例；从第 6 行开始填写正式内容。
A6: 提交状态 | B6: Draft=草稿，Ready=可整合，Approved=已审核。开发只处理 Ready/Approved。
A7: 语言 | B7: 所有 *_zh 中文栏必填；*_en 英文栏可以留空，后续统一翻译。
A8: 稳定 ID | B8: 小写英文、数字和点号；进入游戏后不得改名。显示名称可以修改。
A9: 引用 | B9: related_player_id、related_demand_id、demand_id、issue_id 必须引用其他表已有 ID。
A10: 排序 | B10: 球员按第一封关联球员邮件的 published_week + delivery_order_in_week 从上到下显示。
A11: 隐藏数据 | B11: hidden_* 和招聘门槛只供规则结算，严禁复制到公开邮件、期刊或 UI 文本。
A12: 附件 | B12: 头像和期刊图片放在同名附件文件夹，并在“附件 Assets”表登记。
A13: 交回内容 | B13: 原始 Excel + 附件文件夹一起交回，不要自行修改 Unity 资产。

Sheet 球员 Players
A1: 球员 Players
A2: 同一位置允许有多名球员；球员卡不是固定位置槽。隐藏字段严禁出现在公开文本。
A4: player_id | B4: submit_status | C4: display_name_zh | D4: display_name_en | E4: biography_zh | F4: biography_en | G4: public_position | H4: hidden_ability | I4: hidden_fitness | J4: hidden_professionalism | K4: public_claim_zh | L4: public_claim_en | M4: public_evidence_zh | N4: public_evidence_en | O4: evidence_reliability | P4: inspiration_notes_private | Q4: portrait_brief | R4: asset_filename | S4: integrator_notes
A5: player.sample.sprinter | B5: Draft | C5: 示例快马 | E5: 一名把每次顺风冲刺都写进简历的前锋。 | G5: Forward | H5: 72 | I5: 84 | J5: 61 | K5: 经纪人声称他能追上自己昨天的传球。 | M5: 两场录像确认速度不错，但触球稳定性存疑。 | O5: Medium | S5: 示例行，请勿直接提交。

Sheet 招聘 Demands
A1: 招聘 Demands
A2: 招聘主体一行；具体名额必须在“招聘槽位 DemandSlots”另填。每条招聘必须有关联 ClubRequest 邮件。
A4: demand_id | B4: submit_status | C4: club_id | D4: title_zh | E4: title_en | F4: description_zh | G4: description_en | H4: opened_week | I4: deadline_week | J4: base_reward | K4: payment_terms_zh | L4: payment_terms_en | M4: narrative_notes | N4: integrator_notes
A5: demand.week2.sample | B5: Draft | C5: club.sample | D5: 示例俱乐部：寻找前锋 | F5: 主力前锋参加婚礼巡演，本周需要一名能完成跑动任务的替补。 | H5: 2 | I5: 2 | J5: 1200 | K5: 提交后 1–2 周反馈，成功安排后付款。 | N5: 示例行。

Sheet 招聘槽位 DemandSlots
A1: 招聘槽位 DemandSlots
A2: 每个名额一行；同一招聘可有多个相同位置槽位。隐藏门槛不得写入公开邮件。
A4: slot_id | B4: demand_id | C4: slot_order | D4: required_position | E4: minimum_ability | F4: preferred_fitness | G4: preferred_professionalism | H4: is_required | I4: integrator_notes
A5: slot.week2.sample.forward | B5: demand.week2.sample | C5: 1 | D5: Forward | E5: 70 | F5: 65 | G5: 55 | H5: TRUE | I5: 示例行。

Sheet 邮件 Mails
A1: 邮件 Mails
A2: 玩家实际打开关联邮件后才解锁球员或招聘。球员列表顺序取第一封关联邮件的周次与周内顺序。
A4: mail_id | B4: submit_status | C4: kind | D4: published_week | E4: delivery_order_in_week | F4: received_time_zh | G4: received_time_en | H4: sender_zh | I4: sender_en | J4: subject_zh | K4: subject_en | L4: preview_zh | M4: preview_en | N4: body_zh | O4: body_en | P4: source_note_zh | Q4: source_note_en | R4: related_player_id | S4: related_demand_id | T4: integrator_notes
A5: mail.w2.sample | B5: Draft | C5: PlayerResume | D5: 2 | E5: 2 | F5: 周一 09:05 | H5: 示例经纪公司 | J5: 球员简历：示例快马 | L5: 前锋候选人，速度值得进一步核实。 | N5: 示例快马正在寻找试训机会。经纪人强调他的启动速度，并回避了逆风比赛的数据。 | P5: 经纪人推荐 · 宣传倾向明显 | R5: player.sample.sprinter | T5: 示例行。

Sheet 期刊 Issues
A1: 期刊 Issues
A2: 每期一行；具体页面在“期刊页面 MagazinePages”填写。每期至少 3 页且第一页必须为 Cover。
A4: issue_id | B4: submit_status | C4: published_week | D4: publication_name_zh | E4: publication_name_en | F4: issue_title_zh | G4: issue_title_en | H4: issue_number | I4: editorial_tone | J4: cover_asset_filename | K4: integrator_notes
A5: mag.sample.01 | B5: Draft | C5: 2 | D5: 《示例边线》 | F5: 速度、风向与夸张数字 | H5: 第 01 期 | I5: 独立球探期刊，幽默但强调来源核查。 | K5: 示例行。

Sheet 期刊页面 MagazinePages
A1: 期刊页面 MagazinePages
A2: Cover 用短文案；Feature 用完整双栏文章；ScoutReport 左右栏分别写优势与疑问。阅读期刊不解锁球员。
A4: issue_id | B4: page_number | C4: layout | D4: kicker_zh | E4: kicker_en | F4: headline_zh | G4: headline_en | H4: deck_zh | I4: deck_en | J4: body_left_zh | K4: body_left_en | L4: body_right_zh | M4: body_right_en | N4: pull_quote_zh | O4: pull_quote_en | P4: sidebar_title_zh | Q4: sidebar_title_en | R4: sidebar_body_zh | S4: sidebar_body_en | T4: related_player_id | U4: image_brief | V4: asset_filename | W4: integrator_notes
A5: mag.sample.01 | B5: 1 | C5: Cover | D5: 本周封面 | F5: 顺风速度算速度吗？ | H5: 我们比较经纪人的秒表和两段完整比赛。 | J5: 本期追踪夸张数据背后的真实线索。 | L5: 另见：招聘办公室为什么总在周一早晨发急件。 | N5: 夸张不等于毫无价值。 | P5: 阅读指南 | R5: 期刊提供线索，但正式简历仍需从邮件打开。 | T5: player.sample.sprinter | W5: 示例行。

Sheet 附件 Assets
A1: 附件 Assets
A2: 所有视觉附件必须原创、已授权或风格化生成；不得直接提交现实球员照片和球队徽章。
A4: asset_id | B4: submit_status | C4: owner_type | D4: owner_id | E4: purpose | F4: filename | G4: file_format | H4: dimensions | I4: creator_or_source | J4: rights_confirmed | K4: notes
A5: asset.player.sample.portrait | B5: Draft | C5: Player | D5: player.sample.sprinter | E5: Portrait | F5: player_sample_sprinter.png | G5: PNG | H5: 1024x1024 | I5: 原创插画 / 待填写作者 | J5: FALSE | K5: 示例行。

Sheet 提交检查
A1: 提交检查
A2: 这些公式用于快速发现缺失 ID 和重复 ID；跨表引用及文案长度仍会在整合时进一步校验。
A4: 工作表 | B4: Ready/Approved 数量 | C4: 缺少主 ID | D4: 重复主 ID 提示 | E4: 人工检查
A5: 球员 Players | B5: =COUNTIF('球员 Players'!B6:B205,"Ready")+COUNTIF('球员 Players'!B6:B205,"Approved") | C5: =COUNTIFS('球员 Players'!B6:B205,"Ready",'球员 Players'!A6:A205,"")+COUNTIFS('球员 Players'!B6:B205,"Approved",'球员 Players'!A6:A205,"") | D5: =IF(SUMPRODUCT(('球员 Players'!A6:A205<>"")*(COUNTIF('球员 Players'!A6:A205,'球员 Players'!A6:A205)>1))>0,"有重复","通过") | E5: 检查引用、中文必填、隐藏信息和文案长度
A6: 招聘 Demands | B6: =COUNTIF('招聘 Demands'!B6:B205,"Ready")+COUNTIF('招聘 Demands'!B6:B205,"Approved") | C6: =COUNTIFS('招聘 Demands'!B6:B205,"Ready",'招聘 Demands'!A6:A205,"")+COUNTIFS('招聘 Demands'!B6:B205,"Approved",'招聘 Demands'!A6:A205,"") | D6: =IF(SUMPRODUCT(('招聘 Demands'!A6:A205<>"")*(COUNTIF('招聘 Demands'!A6:A205,'招聘 Demands'!A6:A205)>1))>0,"有重复","通过") | E6: 检查引用、中文必填、隐藏信息和文案长度
A7: 招聘槽位 DemandSlots | B7: =COUNTA('招聘槽位 DemandSlots'!A6:A205) | C7: =COUNTBLANK('招聘槽位 DemandSlots'!A6:A205)-COUNTBLANK('招聘槽位 DemandSlots'!B6:B205) | D7: =IF(SUMPRODUCT(('招聘槽位 DemandSlots'!A6:A205<>"")*(COUNTIF('招聘槽位 DemandSlots'!A6:A205,'招聘槽位 DemandSlots'!A6:A205)>1))>0,"有重复","通过") | E7: 检查引用、中文必填、隐藏信息和文案长度
A8: 邮件 Mails | B8: =COUNTIF('邮件 Mails'!B6:B205,"Ready")+COUNTIF('邮件 Mails'!B6:B205,"Approved") | C8: =COUNTIFS('邮件 Mails'!B6:B205,"Ready",'邮件 Mails'!A6:A205,"")+COUNTIFS('邮件 Mails'!B6:B205,"Approved",'邮件 Mails'!A6:A205,"") | D8: =IF(SUMPRODUCT(('邮件 Mails'!A6:A205<>"")*(COUNTIF('邮件 Mails'!A6:A205,'邮件 Mails'!A6:A205)>1))>0,"有重复","通过") | E8: 检查引用、中文必填、隐藏信息和文案长度
A9: 期刊 Issues | B9: =COUNTIF('期刊 Issues'!B6:B205,"Ready")+COUNTIF('期刊 Issues'!B6:B205,"Approved") | C9: =COUNTIFS('期刊 Issues'!B6:B205,"Ready",'期刊 Issues'!A6:A205,"")+COUNTIFS('期刊 Issues'!B6:B205,"Approved",'期刊 Issues'!A6:A205,"") | D9: =IF(SUMPRODUCT(('期刊 Issues'!A6:A205<>"")*(COUNTIF('期刊 Issues'!A6:A205,'期刊 Issues'!A6:A205)>1))>0,"有重复","通过") | E9: 检查引用、中文必填、隐藏信息和文案长度
A10: 期刊页面 MagazinePages | B10: =COUNTA('期刊页面 MagazinePages'!A6:A205) | C10: =COUNTBLANK('期刊页面 MagazinePages'!A6:A205)-COUNTBLANK('期刊页面 MagazinePages'!B6:B205) | D10: =IF(SUMPRODUCT(('期刊页面 MagazinePages'!A6:A205<>"")*(COUNTIF('期刊页面 MagazinePages'!A6:A205,'期刊页面 MagazinePages'!A6:A205)>1))>0,"有重复","通过") | E10: 检查引用、中文必填、隐藏信息和文案长度
A11: 附件 Assets | B11: =COUNTIF('附件 Assets'!B6:B205,"Ready")+COUNTIF('附件 Assets'!B6:B205,"Approved") | C11: =COUNTIFS('附件 Assets'!B6:B205,"Ready",'附件 Assets'!A6:A205,"")+COUNTIFS('附件 Assets'!B6:B205,"Approved",'附件 Assets'!A6:A205,"") | D11: =IF(SUMPRODUCT(('附件 Assets'!A6:A205<>"")*(COUNTIF('附件 Assets'!A6:A205,'附件 Assets'!A6:A205)>1))>0,"有重复","通过") | E11: 检查引用、中文必填、隐藏信息和文案长度
